image_name,tags
NLA_398920523EDR_F0030078NCAM00302M1.jpg,sand
NLA_399365176EDR_F0030100NCAM00305M1.jpg,soil
NLA_399365204EDR_F0030100NCAM00305M1.jpg,soil
NLA_401761424EDR_F0042644NCAM00429M1.jpg,soil
NLA_401848341EDR_F0042778NCAM00409M1.jpg,soil
NLA_401848369EDR_F0042778NCAM00409M1.jpg,soil
NLA_401855285EDR_F0042778NCAM00434M1.jpg,soil rock
NLA_401936713EDR_F0042956NCAM00435M1.jpg,soil
NLA_401936747EDR_F0042956NCAM00435M1.jpg,soil
NLA_402034422EDR_F0042956NCAM00107M1.jpg,soil
NLA_402109354EDR_F0043076NCAM00437M1.jpg,soil
NLA_402646906EDR_F0050000NCAM00320M1.jpg,sand
NLA_402654215EDR_F0050000NCAM00318M1.jpg,sand
NLA_402737150EDR_F0050104NCAM00447M1.jpg,sand
NLA_402815670EDR_F0050104NCAM00452M1.jpg,sand soil
NLA_402815705EDR_F0050104NCAM00452M1.jpg,sand
NLA_402816231EDR_F0050104NCAM00450M1.jpg,sand
NLA_403353108EDR_F0050104NCAM00324M1.jpg,sand soil
NLA_403354156EDR_F0050104NCAM00324M1.jpg,sand soil
NLA_403619961EDR_F0050104NCAM00324M1.jpg,sand soil
NLA_403976448EDR_F0050104NCAM00107M1.jpg,sand soil
NLA_403977159EDR_F0050104NCAM00107M1.jpg,sand soil
NLA_403977615EDR_F0050104NCAM00107M1.jpg,sand soil
NLA_404064541EDR_F0050104NCAM00336M1.jpg,sand soil
NLA_404065134EDR_F0050104NCAM00324M1.jpg,sand soil
NLA_404065912EDR_F0050104NCAM00324M1.jpg,sand soil
NLA_404066038EDR_F0050104NCAM00325M1.jpg,sand soil
NLA_404066962EDR_F0050104NCAM00324M1.jpg,sand soil
NLA_404067450EDR_F0050104NCAM00324M1.jpg,sand soil
NLA_404684268EDR_F0050104NCAM00107M1.jpg,sand soil
NLA_404684725EDR_F0050104NCAM00107M1.jpg,sand soil
NLA_406373862EDR_F0050116NCAM03214M1.jpg,sand soil rock
NLA_406373890EDR_F0050116NCAM03214M1.jpg,soil
NLA_408156382EDR_F0050742NCAM00215M1.jpg,sand rock
NLA_408244691EDR_F0050926NCAM00216M1.jpg,rock
NLA_408244789EDR_F0050926NCAM00216M1.jpg,rock
NLA_408244824EDR_F0050926NCAM00216M1.jpg,rock
NLA_408331426EDR_F0050938NCAM05134M1.jpg,rock
NLB_444018679EDR_F0251496NCAM00297M1.jpg,soil
NLB_444808777EDR_F0260292NCAM00258M1.jpg,rock
NLB_444808898EDR_F0260292NCAM00258M1.jpg,sand soil